Top queries,Clicks,Impressions,CTR,Position
scooter repairs perth,2,27,7.4%,8.5
scooter maintenance,1,3,33.3%,38.0
e scooter repairs,1,2,50%,44.0
scooter shop dianella,0,58,0%,2.0
scooter repair shops,0,30,0%,39.5
scootershop,0,28,0%,3.5
electric scooter repair,0,26,0%,61.4
motorcycle mechanic perth,0,25,0%,38.8
motorcycle service perth,0,23,0%,39.8
scooter mechanic,0,19,0%,52.1
electric scooter repair perth,0,16,0%,18.9
scooter servicing,0,15,0%,50.1
scooter repairs,0,14,0%,15.1
scooter service,0,14,0%,53.4
motorcycle service,0,13,0%,66.2
electric scooter repairs near me,0,12,0%,80.7
electric scooter repair shop near me,0,11,0%,70.1
scooter repair near me,0,11,0%,78.5
scooter shop fremantle,0,10,0%,12.0
scooter repair,0,10,0%,36.1
scooter mechanic brisbane,0,10,0%,60.0
aprilia workshop near me,0,9,0%,1.0
scooter tire repair near me,0,8,0%,84.1
e scooter repairs perth,0,7,0%,14.4
electric scooter repairs perth,0,7,0%,19.3
motorbike service,0,7,0%,58.6
scooter repair shop near me,0,7,0%,76.7
scooter repair shops near me,0,7,0%,83.1
scooter repairs kensington,0,7,0%,88.7
scooter service near me,0,7,0%,89.1
scooter mechanic near me,0,6,0%,26.0
motorcycle repair perth,0,6,0%,34.8
scooter shop perth,0,6,0%,37.3
motor scooter repair shop,0,6,0%,88.2
vespa service,0,5,0%,14.6
repair scooter,0,5,0%,20.8
mechanic dianella,0,5,0%,30.4
motorcycle repairs perth,0,5,0%,37.6
scooter repair shop,0,5,0%,47.4
scooter repairs near me,0,5,0%,57.2
scooter mechanic kensington,0,5,0%,81.2
moped repairs,0,4,0%,8.0
e-scooter repairs,0,4,0%,12.0
mobile moped repair,0,4,0%,19.5
scooteroo service,0,4,0%,34.3
mobile scooter mechanic near me,0,4,0%,61.8
quad bike servicing,0,4,0%,82.3
vespa repairs near me,0,3,0%,1.0
vespa repairs,0,3,0%,5.0
moped servicing,0,3,0%,7.3